context,impl,mode,tok_s,ms_per_tok,commit,gpu,torch,triton
512,custom,cuda-graphs,52.43,19.074,a83a976,NVIDIA RTX PRO 4500 Blackwell,2.8.0+cu128,3.4.0
512,hf,eager-dynamic,44.82,22.313,a83a976,NVIDIA RTX PRO 4500 Blackwell,2.8.0+cu128,3.4.0
512,hf,eager-static,38.65,25.872,a83a976,NVIDIA RTX PRO 4500 Blackwell,2.8.0+cu128,3.4.0
512,hf,compile-cg,48.15,20.77,a83a976,NVIDIA RTX PRO 4500 Blackwell,2.8.0+cu128,3.4.0
2048,custom,cuda-graphs,51.6,19.379,a83a976,NVIDIA RTX PRO 4500 Blackwell,2.8.0+cu128,3.4.0
2048,hf,eager-dynamic,43.9,22.781,a83a976,NVIDIA RTX PRO 4500 Blackwell,2.8.0+cu128,3.4.0
2048,hf,eager-static,35.96,27.812,a83a976,NVIDIA RTX PRO 4500 Blackwell,2.8.0+cu128,3.4.0
2048,hf,compile-cg,42.76,23.389,a83a976,NVIDIA RTX PRO 4500 Blackwell,2.8.0+cu128,3.4.0
8192,custom,cuda-graphs,49.39,20.246,a83a976,NVIDIA RTX PRO 4500 Blackwell,2.8.0+cu128,3.4.0
8192,hf,eager-dynamic,40.02,24.989,a83a976,NVIDIA RTX PRO 4500 Blackwell,2.8.0+cu128,3.4.0
8192,hf,eager-static,23.29,42.928,a83a976,NVIDIA RTX PRO 4500 Blackwell,2.8.0+cu128,3.4.0
8192,hf,compile-cg,26.62,37.56,a83a976,NVIDIA RTX PRO 4500 Blackwell,2.8.0+cu128,3.4.0
16384,custom,cuda-graphs,46.31,21.595,a83a976,NVIDIA RTX PRO 4500 Blackwell,2.8.0+cu128,3.4.0
16384,hf,eager-dynamic,34.28,29.171,a83a976,NVIDIA RTX PRO 4500 Blackwell,2.8.0+cu128,3.4.0
16384,hf,eager-static,15.99,62.546,a83a976,NVIDIA RTX PRO 4500 Blackwell,2.8.0+cu128,3.4.0
16384,hf,compile-cg,17.72,56.425,a83a976,NVIDIA RTX PRO 4500 Blackwell,2.8.0+cu128,3.4.0
32768,custom,cuda-graphs,41.32,24.203,a83a976,NVIDIA RTX PRO 4500 Blackwell,2.8.0+cu128,3.4.0
32768,hf,eager-dynamic,26.38,37.907,a83a976,NVIDIA RTX PRO 4500 Blackwell,2.8.0+cu128,3.4.0
32768,hf,eager-static,9.81,101.946,a83a976,NVIDIA RTX PRO 4500 Blackwell,2.8.0+cu128,3.4.0
32768,hf,compile-cg,10.65,93.857,a83a976,NVIDIA RTX PRO 4500 Blackwell,2.8.0+cu128,3.4.0
65536,custom,cuda-graphs,34.01,29.404,a83a976,NVIDIA RTX PRO 4500 Blackwell,2.8.0+cu128,3.4.0
65536,hf,eager-dynamic,18.1,55.252,a83a976,NVIDIA RTX PRO 4500 Blackwell,2.8.0+cu128,3.4.0
65536,hf,eager-static,5.52,181.162,a83a976,NVIDIA RTX PRO 4500 Blackwell,2.8.0+cu128,3.4.0
65536,hf,compile-cg,5.76,173.742,a83a976,NVIDIA RTX PRO 4500 Blackwell,2.8.0+cu128,3.4.0
98304,custom,cuda-graphs,28.92,34.582,a83a976,NVIDIA RTX PRO 4500 Blackwell,2.8.0+cu128,3.4.0
98304,hf,eager-dynamic,13.77,72.607,a83a976,NVIDIA RTX PRO 4500 Blackwell,2.8.0+cu128,3.4.0
98304,hf,eager-static,3.82,261.636,a83a976,NVIDIA RTX PRO 4500 Blackwell,2.8.0+cu128,3.4.0
98304,hf,compile-cg,3.41,292.91,a83a976,NVIDIA RTX PRO 4500 Blackwell,2.8.0+cu128,3.4.0
114688,custom,cuda-graphs,26.83,37.276,a83a976,NVIDIA RTX PRO 4500 Blackwell,2.8.0+cu128,3.4.0
114688,hf,eager-dynamic,12.3,81.29,a83a976,NVIDIA RTX PRO 4500 Blackwell,2.8.0+cu128,3.4.0
114688,hf,eager-static,,,a83a976,NVIDIA RTX PRO 4500 Blackwell,2.8.0+cu128,3.4.0
114688,hf,compile-cg,,,a83a976,NVIDIA RTX PRO 4500 Blackwell,2.8.0+cu128,3.4.0
