commit,date,message,diff_summary,status,median_tok_s,min_tok_s,max_tok_s,best_estimate_tok_s,delta_vs_prev,delta_pct_vs_prev,repeat_medians_tok_s,hooks_on_median_tok_s,ms_per_tok,cpu_enqueue_ms_per_tok,hooks_on_cpu_enqueue_ms_per_tok,output_finite,error_stage,error,notes
139f8f1,2026-06-04,Fix RMSNorm kernel call and add fused RMSNorm+SWIGLU batch dim,First model.py skeleton (RMSNorm/Attention/MLP classes); Llama.forward is a stub,error,,,,,,,,,,,,,warmup,NotImplementedError: ,Not runnable: forward raises NotImplementedError
1d59c2e,2026-06-05,Prune return for decode kernel,flash_decode: drop unused return values,error,,,,,,,,,,,,,warmup,NotImplementedError: ,Not runnable (forward stub)
ea91968,2026-06-05,First pass impl of RoPe,PyTorch RoPE (freqs_cis complex) in model.py,error,,,,,,,,,,,,,warmup,NotImplementedError: ,Not runnable (forward stub)
c0e5b75,2026-06-08,Create pyproject,Adds kernels/__init__.py + pyproject (package layout),error,,,,,,,,,,,,,warmup,NotImplementedError: ,Not runnable (forward stub)
c0bcafc,2026-06-08,Update fd to new blockptr API and add batch dim,flash_decode ported to block-ptr API + batch dim,error,,,,,,,,,,,,,warmup,NotImplementedError: ,Not runnable (forward stub)
8a9a61a,2026-06-08,Add softmax masking for non-nice seqlen,flash_decode: mask tail KV block for seq_len not multiple of BLOCK,error,,,,,,,,,,,,,warmup,NotImplementedError: ,Not runnable (forward stub)
df1fff2,2026-06-09,Write and test first-pass model attention forward with FD kernel,"Attention.__call__ implemented (x@wq/wk/wv, PyTorch RoPE, FD kernel)",error,,,,,,,,,,,,,warmup,NotImplementedError: ,Not runnable (forward stub)
c7d66d4,2026-06-09,Clean up RoPe funcs,RoPE helper cleanup (rotate_half),error,,,,,,,,,,,,,warmup,NotImplementedError: ,Not runnable (forward stub)
820da53,2026-06-09,Move FD batch grid index to axis 0,flash_decode grid: batch moved to axis 0,error,,,,,,,,,,,,,warmup,NotImplementedError: ,Not runnable (forward stub)
3fb1ca1,2026-06-09,Correct RMSNorm output type cast,RMSNorm kernel output dtype cast fix,error,,,,,,,,,,,,,warmup,NotImplementedError: ,Not runnable (forward stub)
376fc0a,2026-06-09,Write and test first-pass DecoderLayer pipeline,DecoderLayer implemented,error,,,,,,,,,,,,,warmup,NotImplementedError: ,Not runnable (forward stub)
c9466dc,2026-06-10,Write and test first-pass impl full llama model forward call,Llama.forward implemented (embed -> layers -> norm -> lm_head),error,,,,,,,,,,,,,warmup,TypeError: 'module' object is not callable,Fails: model.py does `import kernels.rmsnorm as rmsnorm` then calls the module
47f2485,2026-06-10,Generate load from pretrain and clean up imports,from_pretrained weight loading; import cleanup,error,,,,,,,,,,,,,warmup,TypeError: 'module' object is not callable,Fails: same module-not-callable import bug
faa0fad,2026-06-10,Remove sync call,Removes a torch.cuda.synchronize() inside flash_decode,error,,,,,,,,,,,,,warmup,TypeError: 'module' object is not callable,Fails: same import bug (so the sync removal can't be measured in isolation)
f29a855,2026-06-11,Add autotuning to flash decode,"triton.autotune on flash-decode generation kernel, key=[seq_len, head_dim]",error,,,,,,,,,,,,,warmup,TypeError: 'module' object is not callable,Fails: same import bug. Autotune key includes seq_len -> re-tunes on every new decode position
e911b4f,2026-06-11,Update kernel module structure,kernels/__init__ re-exports functions; fixes import bug,ok,41.08,40.35,42.21,42.25,,,42.28;42.25,39.56,24.341,24.329,25.266,True,,,"FIRST RUNNABLE COMMIT. Baseline: PyTorch RoPE (~10 small ops/layer), separate q/k/v/gate/up GEMMs, per-step allocations"
95a4e01,2026-06-12,Migrate torch profiling to model.py,Wraps every op in torch.profiler.record_function (15 scopes/layer → 483 per decode step); otherwise same ops (v proj moved before RoPE),ok,42.33,42.32,42.36,41.72,-0.53,-1.3,41.72;41.58,27.36,23.626,23.432,36.542,True,,,Hooks-on column is where the profiler cost appears; primary column stubs record_function
da06b00,2026-06-15,Add basic RoPe kernel,Adds Triton rope_decode kernel; changes cos/sin tables to head_dim/2 but model still uses PyTorch RoPE,error,,,,,,,,,,,,,warmup,RuntimeError: The size of tensor a (128) must match the size of tensor b (64) at non-singleton dimension 3,Fails: RoPE shape mismatch (128 vs 64)
5911924,2026-06-12,[Optimize] Concat QKV proj matrix and update test/weights loading,Concatenates wq/wk/wv into one wqkv GEMM + torch.split,error,,,,,,,,,,,,,warmup,RuntimeError: The size of tensor a (128) must match the size of tensor b (64) at non-singleton dimension 3,Fails: RoPE shape mismatch inherited from da06b00. QKV fusion is only measurable bundled into 7d5c517
7d5c517,2026-06-15,Refactor model with new RoPe kernel,model.py switches to Triton apply_rope_decode (q and k),ok,45.51,45.39,45.51,45.51,3.79,9.1,,29.45,21.975,21.737,33.941,True,,,"BUNDLE: first measurable commit after da06b00+5911924, so it carries Triton RoPE + fused QKV GEMM"
06fd618,2026-06-16,"Remove FD sequence as optim parameter, causing recompilation every step",flash-decode autotune key drops seq_len (key=[head_dim]),ok,45.27,45.1,45.36,45.27,-0.24,-0.5,,29.16,22.091,22.079,34.281,True,,,"Fixed benchmark replays the same 128 positions, which hides per-seq_len re-tuning; see fresh-position side test"
5a7b6c0,2026-06-16,Update kernels to use existing output and preallocate output tensors in model.py,*_out kernel variants + preallocated per-layer output buffers; matmul(out=); mid_lse.fill_(-inf) added,ok,45.99,45.98,46.0,45.99,0.72,1.6,,33.54,21.742,21.454,29.806,True,,,Removes per-step torch.empty/zeros allocations
d326973,2026-06-16,Fuse MLP up proj and gate,Concatenates gate/up weights into one w_gate_up GEMM + split,ok,47.13,47.12,47.13,47.13,1.14,2.5,,34.32,21.218,20.906,29.125,True,,,One 4096x28672 GEMV instead of two 4096x14336
888a9e9,2026-06-16,Add max position embeddings to layers init,Buffer sizing uses config.max_position_embeddings instead of hard-coded 8192,ok,47.12,47.12,47.13,47.12,-0.01,-0.0,,35.26,21.221,20.91,28.347,True,,,No-op for this config (8192 either way); acts as a noise control
1ce61e5,2026-06-16,Write fused rope + cache write kernel,Adds fused_rope_cache.py kernel file (not imported),ok,47.15,47.14,47.16,47.15,0.03,0.1,,33.96,21.21,20.899,29.437,True,,,No runtime change; noise control
c05b0b7,2026-06-16,Clean up fused_rope_cache and fix bugs,Exports fused_rope_cache from kernels/__init__; kernel bugfixes,ok,47.12,47.11,47.13,47.12,-0.03,-0.1,,33.59,21.223,20.912,29.76,True,,,Kernel still unused by model.py; noise control
cd9b714,2026-06-16,Add fuse kernel into model.py,"Attention uses fused_rope_cache_decode_out: RoPE(q,k) + K/V cache write in one kernel",ok,47.64,47.62,47.65,47.64,0.52,1.1,,38.88,20.992,20.613,25.712,True,,,Replaces split/view/transpose + 2 RoPE launches + 2 slice-assign copies
179f662,2026-06-17,Remove KV cache slicing for flash decode,"flash_decode takes explicit seq_len; stops slicing K[:, :, :pos+1]",ok,47.64,47.64,47.65,47.64,0.0,0.0,,40.8,20.99,20.61,24.501,True,,,Saves 2 view creations per layer (CPU only)
ef70981,2026-06-17,Reshape weights to use GEMV on affine ops,"Weights stored (out,in) HF-native; matmuls use W.T (column-major) for GEMV dispatch",ok,50.58,50.57,50.58,50.58,2.94,6.2,,39.18,19.772,19.389,25.511,True,,,Changes the cuBLAS kernel chosen for every projection + lm_head
e4d2320,2026-06-17,Remove -inf fill on LSE for flash decode,Removes mid_lse.fill_(-inf) before flash-decode,ok,50.76,50.75,50.76,50.76,0.18,0.4,,40.39,19.699,19.288,24.749,True,,,One fewer launch per layer
d5b441e,2026-06-17,Pass in cos sin table to rope instead of slicing,RoPE kernel indexes full cos/sin tables with cache_pos instead of per-step slicing,ok,50.75,50.75,50.76,50.75,-0.01,-0.0,,39.18,19.705,19.294,25.514,True,,,Removes 2 slice ops per step (CPU only)
b27cecc,2026-06-17,Remove unecessary RMSNorm autotune,"RMSNorm: drop autotuned BLOCK_SIZE list/prune; BLOCK_SIZE=next_pow2(N), autotune num_warps only",ok,50.5,50.49,50.5,50.5,-0.25,-0.5,,38.79,19.802,19.389,25.766,True,,,Also removes unused fused_rmsnorm_swiglu export
39266b3,2026-06-17,Add fused add rmsnorm kernel,Adds fused_add_rmsnorm kernel (not yet used by model.py); deletes fused_rmsnorm_swiglu,ok,50.76,50.76,50.77,50.76,0.26,0.5,,39.9,19.699,19.288,25.05,True,,,No model.py change; noise control
d8008bc,2026-06-17,Add ping pong buffering to optimize decoder layer buffer sharing,Shared BufferPool with ping/pong hidden buffers across all layers,ok,50.69,50.68,50.7,50.69,-0.07,-0.1,,39.68,19.728,19.316,25.188,True,,,Memory/structure change; same kernel count
e2120e5,2026-06-17,Make rmsnorm residual add fusion for postnorm,Post-attention residual add + RMSNorm fused (FusedAddRMSNorm); autotune removed from that kernel,ok,50.93,50.92,50.93,50.93,0.24,0.5,,41.28,19.636,19.191,24.212,True,,,Removes 1 add kernel/layer and one hidden-state round trip
0f51025,2026-06-17,"[REVISIT API] Fuse input layernorm with next decoder add, breaks some tests",Cross-layer fusion: previous layer's MLP residual add fused into next layer's input RMSNorm; final norm fused too,ok,51.1,51.1,51.1,51.1,0.17,0.3,,44.22,19.57,19.077,22.603,True,,,Removes the other add kernel/layer. Broke some tests (API)
8cea929,2026-06-18,Fix DecoderLayer API,"DecoderLayer API cleanup: always returns (residual, mlp_out); drops `fused` flag",ok,51.08,51.08,51.09,51.08,-0.02,-0.0,,45.93,19.577,19.084,21.762,True,,,Same kernels as 0f51025 (API-only)
a496b35,2026-06-22,Reverse triton grid order,"Reverse Triton grid order (seq/row on axis 0, batch last) in FD, RMSNorm, fused-add-RMSNorm, RoPE",ok,51.06,51.05,51.06,51.06,-0.02,-0.0,,45.46,19.586,19.093,21.988,True,,,Only launch geometry changes
a861708,2026-06-23,Get rid of block ptr and optimize rolling log lse with accumulator,FD reduce kernel: raw pointers instead of block ptrs; running max + denominator instead of log-sum-exp per block,ok,51.28,51.28,51.29,51.28,0.22,0.4,,44.89,19.5,19.009,22.265,True,,,Reduce kernel only
e9610a1,2026-06-23,Swap FD with exp2/log2 funcs for micro-optimization,FD uses exp2/log2 with log2(e)-prescaled softmax scale,ok,51.28,51.28,51.29,51.28,0.0,0.0,,45.48,19.499,19.009,21.978,True,,,Micro-optimization
9bd7daf,2026-06-23,Split FD generation kernel with predefined splits instead of one-to-one KV block grid,"FD generation: fixed 16 splits, each looping over KV blocks (online softmax) instead of one program per KV block",ok,51.23,51.23,51.24,51.23,-0.05,-0.1,,45.24,19.52,19.029,22.093,True,,,Bundles: split-K loop + GQA-block layout changes
ebdf877,2026-06-30,Add boilerplate for fa3 prefill,Adds flash_prefill package + import in kernels/__init__,ok,51.21,51.21,51.22,51.21,-0.02,-0.0,,45.21,19.528,19.036,22.109,True,,,Decode path unchanged; code at HEAD (40dc0b6 only edits README)
